{"cameraMode":{"drawMode":0,"name":"Shaded","section":"Shading Mode"},"sceneLighting":true,"audioPlay":false,"sceneViewState":{"showFog":true,"showMaterialUpdate":false,"showSkybox":true,"showFlares":true,"showImageEffects":true,"showParticleSystems":true,"showVisualEffectGraphs":true,"m_FxEnabled":true},"in2DMode":false,"pivot":{"x":0.08154353499412537,"y":0.3561098575592041,"z":-0.3371104598045349},"rotation":{"x":-0.2810366749763489,"y":-0.14554762840270997,"z":0.04316564276814461,"w":-0.9476149082183838},"size":0.20072530210018159,"orthographic":false}